action	min_reward	mean_reward	max_reward
0	0.000000	0.567028	3.761461
1	0.000000	0.540402	2.988922
2	0.000000	0.188380	0.977359
