strategy	regret
uniform	162.424667
just-0	0.000000
just-1	66.112000
just-2	421.162000
actual	129.156980
