strategy	regret
uniform	135.091333
just-0	0.000000
just-1	26.626000
just-2	378.648000
actual	79.783350
