strategy	regret
uniform	162.424000
just-0	0.000000
just-1	66.111000
just-2	421.161000
actual	129.155990
